{"cls_accuracy": 0.0, "data_time": 8.065000000101463e-05, "eta_seconds": 12924.903070000048, "iteration": 199, "loss_cls_b1": 5.841938018798828, "loss_cls_b2": 5.82797908782959, "loss_cls_b21": 5.721104145050049, "loss_cls_b22": 5.948467969894409, "loss_cls_b3": 5.827054738998413, "loss_cls_b31": 5.707529306411743, "loss_cls_b32": 5.667811393737793, "loss_cls_b33": 6.013501882553101, "loss_triplet_b1": 5.736944963530277e-08, "loss_triplet_b2": 3.9488067926640724e-08, "loss_triplet_b22": 0.0, "loss_triplet_b3": 4.32133564487458e-08, "loss_triplet_b33": 0.0, "lr": 0.00011653852459016393, "time": 0.3616387000000003, "total_loss": 46.767673268168906}
{"cls_accuracy": 0.0, "data_time": 8.060000000398304e-05, "eta_seconds": 12950.621762100043, "iteration": 399, "loss_cls_b1": 5.104941368103027, "loss_cls_b2": 5.021584510803223, "loss_cls_b21": 4.86365818977356, "loss_cls_b22": 5.494338035583496, "loss_cls_b3": 5.076775550842285, "loss_cls_b31": 5.0265052318573, "loss_cls_b32": 4.825324058532715, "loss_cls_b33": 5.580511093139648, "loss_triplet_b1": 2.752942805273051e-06, "loss_triplet_b2": 2.6598025897328625e-06, "loss_triplet_b22": 3.725290076417309e-09, "loss_triplet_b3": 1.862621502368711e-06, "loss_triplet_b33": 0.0, "lr": 0.0002301450819672131, "time": 0.3645803000000001, "total_loss": 41.04375258319973}
{"cls_accuracy": 0.0, "data_time": 7.649999999159718e-05, "eta_seconds": 12952.03116864998, "iteration": 599, "loss_cls_b1": 4.625141620635986, "loss_cls_b2": 4.65753173828125, "loss_cls_b21": 4.360136032104492, "loss_cls_b22": 5.224717855453491, "loss_cls_b3": 4.572026252746582, "loss_cls_b31": 4.590126991271973, "loss_cls_b32": 4.5045084953308105, "loss_cls_b33": 5.446261882781982, "loss_triplet_b1": 7.806346275174292e-06, "loss_triplet_b2": 5.26289932167856e-06, "loss_triplet_b22": 4.9918863709308425e-08, "loss_triplet_b3": 7.832423307263525e-06, "loss_triplet_b33": 0.0, "lr": 0.0003437516393442623, "time": 0.3652354499999859, "total_loss": 38.087662582372005}
{"cls_accuracy": 0.0625, "data_time": 8.395000003247333e-05, "eta_seconds": 12967.349536349782, "iteration": 799, "loss_cls_b1": 3.9430198669433594, "loss_cls_b2": 3.903245687484741, "loss_cls_b21": 3.868063807487488, "loss_cls_b22": 4.1273815631866455, "loss_cls_b3": 3.9632039070129395, "loss_cls_b31": 3.8465644121170044, "loss_cls_b32": 3.663737177848816, "loss_cls_b33": 4.509986877441406, "loss_triplet_b1": 0.006070291390642524, "loss_triplet_b2": 0.004480252740904689, "loss_triplet_b22": 0.0002883697743527591, "loss_triplet_b3": 0.00398328248411417, "loss_triplet_b33": 9.999999974752427e-07, "lr": 0.00035, "time": 0.40453719999999294, "total_loss": 31.672646496779294}
{"cls_accuracy": 0.0625, "data_time": 9.05500000385473e-05, "eta_seconds": 13005.533033700054, "iteration": 999, "loss_cls_b1": 3.240597724914551, "loss_cls_b2": 3.2088398933410645, "loss_cls_b21": 3.2172625064849854, "loss_cls_b22": 3.526735544204712, "loss_cls_b3": 3.1659101247787476, "loss_cls_b31": 3.299975872039795, "loss_cls_b32": 3.3709263801574707, "loss_cls_b33": 3.7144769430160522, "loss_triplet_b1": 0.001397878339048475, "loss_triplet_b2": 0.001345199765637517, "loss_triplet_b22": 2.246326403110288e-05, "loss_triplet_b3": 0.0014486925210803747, "loss_triplet_b33": 9.999999974752427e-07, "lr": 0.00035, "time": 0.4041657500000042, "total_loss": 27.303161275926698}
{"cls_accuracy": 0.1875, "data_time": 9.760000000369473e-05, "eta_seconds": 14061.691391700493, "iteration": 1199, "loss_cls_b1": 3.0094146728515625, "loss_cls_b2": 3.012178897857666, "loss_cls_b21": 3.0707128047943115, "loss_cls_b22": 3.013934373855591, "loss_cls_b3": 3.048407793045044, "loss_cls_b31": 3.1348241567611694, "loss_cls_b32": 3.025975465774536, "loss_cls_b33": 3.2676221132278442, "loss_triplet_b1": 0.0004120942612644285, "loss_triplet_b2": 0.0004799968301085755, "loss_triplet_b22": 1.2080375199730042e-05, "loss_triplet_b3": 0.0004944268148392439, "loss_triplet_b33": 9.999999974752427e-07, "lr": 0.00035, "time": 0.40914299999997183, "total_loss": 24.732129194190946}
{"cls_accuracy": 0.25, "data_time": 8.409999998093554e-05, "eta_seconds": 14152.363164349896, "iteration": 1399, "loss_cls_b1": 2.675562858581543, "loss_cls_b2": 2.6265206336975098, "loss_cls_b21": 2.9315072298049927, "loss_cls_b22": 2.7348135709762573, "loss_cls_b3": 2.649950385093689, "loss_cls_b31": 2.9455543756484985, "loss_cls_b32": 2.7219749689102173, "loss_cls_b33": 2.84184730052948, "loss_triplet_b1": 0.00016167439753189683, "loss_triplet_b2": 0.00011245367568335496, "loss_triplet_b22": 1.2166686644832225e-06, "loss_triplet_b3": 0.00010627558367559686, "loss_triplet_b33": 9.999999974752427e-07, "lr": 0.00035, "time": 0.40072665000002416, "total_loss": 22.384610661229537}
{"cls_accuracy": 0.375, "data_time": 9.63999999612497e-05, "eta_seconds": 14152.712101649835, "iteration": 1599, "loss_cls_b1": 2.3373513221740723, "loss_cls_b2": 2.4051294326782227, "loss_cls_b21": 2.670789122581482, "loss_cls_b22": 2.570242404937744, "loss_cls_b3": 2.4058837890625, "loss_cls_b31": 2.8790488243103027, "loss_cls_b32": 2.455721855163574, "loss_cls_b33": 2.7601630687713623, "loss_triplet_b1": 6.775980727979913e-05, "loss_triplet_b2": 4.2178324292763136e-05, "loss_triplet_b22": 5.625155097277457e-07, "loss_triplet_b3": 5.3597668738802895e-05, "loss_triplet_b33": 9.999999974752427e-07, "lr": 0.00035, "time": 0.41206739999995534, "total_loss": 20.749989059221974}
{"cls_accuracy": 0.5, "data_time": 0.00010095000004639587, "eta_seconds": 14129.24254105051, "iteration": 1799, "loss_cls_b1": 2.1918654441833496, "loss_cls_b2": 2.2147936820983887, "loss_cls_b21": 2.5110615491867065, "loss_cls_b22": 2.466981053352356, "loss_cls_b3": 2.2489988803863525, "loss_cls_b31": 2.713226795196533, "loss_cls_b32": 2.5110150575637817, "loss_cls_b33": 2.725934386253357, "loss_triplet_b1": 9.345417311124038e-06, "loss_triplet_b2": 7.738442036497872e-06, "loss_triplet_b22": 4.4703469370688254e-08, "loss_triplet_b3": 7.510295063184458e-06, "loss_triplet_b33": 9.999999974752427e-07, "lr": 0.00035, "time": 0.4265656999999692, "total_loss": 19.905199673460025}
{"cls_accuracy": 0.5, "data_time": 9.420000003501627e-05, "eta_seconds": 14219.720382698979, "iteration": 1999, "loss_cls_b1": 2.1133757829666138, "loss_cls_b2": 1.9868367314338684, "loss_cls_b21": 2.4966788291931152, "loss_cls_b22": 2.1769793033599854, "loss_cls_b3": 2.055803656578064, "loss_cls_b31": 2.6569786071777344, "loss_cls_b32": 2.3268980979919434, "loss_cls_b33": 2.472054362297058, "loss_triplet_b1": 2.2842900762043428e-06, "loss_triplet_b2": 2.2544978719452047e-06, "loss_triplet_b22": 1.3411042942834683e-08, "loss_triplet_b3": 2.0473806898735347e-06, "loss_triplet_b33": 9.999999974752427e-07, "lr": 0.00034997964332292514, "time": 0.40579450000001316, "total_loss": 18.297432271326926}
{"cls_accuracy": 0.5625, "data_time": 9.17500000241489e-05, "eta_seconds": 14068.524596851315, "iteration": 2199, "loss_cls_b1": 1.976560115814209, "loss_cls_b2": 1.8078224062919617, "loss_cls_b21": 2.254659414291382, "loss_cls_b22": 2.015578031539917, "loss_cls_b3": 1.9180678129196167, "loss_cls_b31": 2.4553873538970947, "loss_cls_b32": 2.153275728225708, "loss_cls_b33": 2.367076873779297, "loss_triplet_b1": 5.595351808551641e-07, "loss_triplet_b2": 6.608626961224218e-07, "loss_triplet_b22": 2.9802320611338473e-09, "loss_triplet_b3": 7.666599799449614e-07, "loss_triplet_b33": 9.999999974752427e-07, "lr": 0.00034990295918865485, "time": 0.40391775000000507, "total_loss": 16.873968225035426}
{"cls_accuracy": 0.6875, "data_time": 0.00010370000001103108, "eta_seconds": 14020.980398202131, "iteration": 2399, "loss_cls_b1": 1.9096727967262268, "loss_cls_b2": 1.8211087584495544, "loss_cls_b21": 2.256860852241516, "loss_cls_b22": 2.0974022150039673, "loss_cls_b3": 1.8750368356704712, "loss_cls_b31": 2.4174275398254395, "loss_cls_b32": 2.2522424459457397, "loss_cls_b33": 2.508183717727661, "loss_triplet_b1": 9.536737621829161e-08, "loss_triplet_b2": 1.3485535532709036e-07,