{"cls_accuracy": 0.0, "data_time": 8.135000000208947e-05, "eta_seconds": 3846.9195027000014, "iteration": 199, "loss_cls_b1": 5.145153522491455, "loss_cls_b2": 5.209984302520752, "loss_cls_b21": 5.029916286468506, "loss_cls_b22": 5.413973331451416, "loss_cls_b3": 5.071218252182007, "loss_cls_b31": 5.179466724395752, "loss_cls_b32": 5.0435991287231445, "loss_cls_b33": 5.540676832199097, "loss_triplet_b1": 0.0024816018994897604, "loss_triplet_b2": 0.001659417466726154, "loss_triplet_b22": 2.673486051207874e-05, "loss_triplet_b3": 0.001969423203263432, "loss_triplet_b33": 9.999999974752427e-07, "lr": 0.00035, "time": 0.39841524999999933, "total_loss": 41.98111048467001}
{"cls_accuracy": 0.1875, "data_time": 8.850000001814351e-05, "eta_seconds": 4099.072063649906, "iteration": 399, "loss_cls_b1": 2.9840117692947388, "loss_cls_b2": 3.046608805656433, "loss_cls_b21": 3.0987167358398438, "loss_cls_b22": 3.393625497817993, "loss_cls_b3": 3.069217324256897, "loss_cls_b31": 3.3037962913513184, "loss_cls_b32": 2.9976080656051636, "loss_cls_b33": 3.710219621658325, "loss_triplet_b1": 0.0013707588659599423, "loss_triplet_b2": 0.0013842916814610362, "loss_triplet_b22": 4.832544436794706e-05, "loss_triplet_b3": 0.0017523214337415993, "loss_triplet_b33": 9.999999974752427e-07, "lr": 0.00035, "time": 0.4051827499999945, "total_loss": 25.631535750971295}
{"cls_accuracy": 0.46875, "data_time": 8.995000000311393e-05, "eta_seconds": 4065.590188200077, "iteration": 599, "loss_cls_b1": 2.31950581073761, "loss_cls_b2": 2.4035112857818604, "loss_cls_b21": 2.7257635593414307, "loss_cls_b22": 2.67549729347229, "loss_cls_b3": 2.405453324317932, "loss_cls_b31": 2.8777066469192505, "loss_cls_b32": 2.6714377403259277, "loss_cls_b33": 2.9794809818267822, "loss_triplet_b1": 2.1208324142207857e-05, "loss_triplet_b2": 2.766730722214561e-05, "loss_triplet_b22": 3.5762656125370995e-07, "loss_triplet_b3": 2.929990841948893e-05, "loss_triplet_b33": 9.999999974752427e-07, "lr": 0.00034997150630389955, "time": 0.40248085000000344, "total_loss": 20.869029062435715}
{"cls_accuracy": 0.6875, "data_time": 0.0001019500000154494, "eta_seconds": 3998.7403340503815, "iteration": 799, "loss_cls_b1": 1.7608035206794739, "loss_cls_b2": 1.7255537509918213, "loss_cls_b21": 2.182337522506714, "loss_cls_b22": 2.162158489227295, "loss_cls_b3": 1.8820592164993286, "loss_cls_b31": 2.4463324546813965, "loss_cls_b32": 2.205462098121643, "loss_cls_b33": 2.6325018405914307, "loss_triplet_b1": 6.14669147580571e-07, "loss_triplet_b2": 1.1265117905168154e-06, "loss_triplet_b22": 5.960463678178485e-09, "loss_triplet_b3": 1.455826179608266e-06, "loss_triplet_b33": 9.999999974752427e-07, "lr": 0.0003494511818390747, "time": 0.40270500000002585, "total_loss": 16.955610366773968}
{"cls_accuracy": 0.84375, "data_time": 9.564999999156498e-05, "eta_seconds": 3927.078401400103, "iteration": 999, "loss_cls_b1": 1.0823808312416077, "loss_cls_b2": 1.1390022039413452, "loss_cls_b21": 1.7065354585647583, "loss_cls_b22": 1.561463177204132, "loss_cls_b3": 1.159882128238678, "loss_cls_b31": 2.0498030185699463, "loss_cls_b32": 1.5664653778076172, "loss_cls_b33": 2.1278098821640015, "loss_triplet_b1": 6.48200213504424e-08, "loss_triplet_b2": 1.2889488232303847e-07, "loss_triplet_b22": 0.0, "loss_triplet_b3": 1.5124663121923732e-07, "loss_triplet_b33": 9.999999974752427e-07, "lr": 0.00034827826245771576, "time": 0.40267579999999725, "total_loss": 12.280120187970665}
{"Rank-1": 0.3649049997329712, "Rank-10": 0.6680522561073303, "Rank-5": 0.5718527436256409, "cls_accuracy": 0.875, "data_time": 9.180000003539135e-05, "eta_seconds": 3865.344358100056, "iteration": 1199, "loss_cls_b1": 0.8797160685062408, "loss_cls_b2": 0.935962587594986, "loss_cls_b21": 1.4636818170547485, "loss_cls_b22": 1.1177834272384644, "loss_cls_b3": 1.0004359483718872, "loss_cls_b31": 1.9882746934890747, "loss_cls_b32": 1.3439372777938843, "loss_cls_b33": 1.6920359134674072, "loss_triplet_b1": 2.83122023603255e-08, "loss_triplet_b2": 4.023312172307669e-08, "loss_triplet_b22": 0.0, "loss_triplet_b3": 3.5017718502672324e-08, "loss_triplet_b33": 9.999999974752427e-07, "lr": 0.00034645714557474675, "mAP": 0.17523058017942308, "mINP": 0.02437532199497644, "time": 0.4048512000000244, "total_loss": 10.47151891825882}
{"cls_accuracy": 0.9375, "data_time": 8.369999994783939e-05, "eta_seconds": 3768.101769250113, "iteration": 1399, "loss_cls_b1": 0.5118891000747681, "loss_cls_b2": 0.4946500211954117, "loss_cls_b21": 1.0409907102584839, "loss_cls_b22": 0.9564294815063477, "loss_cls_b3": 0.5259978175163269, "loss_cls_b31": 1.54499089717865, "loss_cls_b32": 0.9163141250610352, "loss_cls_b33": 1.5992376804351807, "loss_triplet_b1": 1.1175869563118113e-08, "loss_triplet_b2": 1.862644793959589e-08, "loss_triplet_b22": 0.0, "loss_triplet_b3": 1.2665984705506617e-08, "loss_triplet_b33": 9.999999974752427e-07, "lr": 0.0003439946587749844, "time": 0.38878764999992654, "total_loss": 7.3759393037685514}
