{"cls_accuracy": 0.0, "data_time": 8.359999999640877e-05, "eta_seconds": 3827.37443899998, "iteration": 199, "loss_cls_b1": 5.018617391586304, "loss_cls_b2": 5.070605754852295, "loss_cls_b21": 4.769972562789917, "loss_cls_b22": 5.305569648742676, "loss_cls_b3": 4.96966814994812, "loss_cls_b31": 4.7083470821380615, "loss_cls_b32": 5.067094326019287, "loss_cls_b33": 5.736246109008789, "loss_triplet_b1": 0.007800317835062742, "loss_triplet_b2": 0.005292114103212953, "loss_triplet_b22": 0.0001919728674693033, "loss_triplet_b3": 0.005304898833855987, "loss_triplet_b33": 9.999999974752427e-07, "lr": 0.00035, "time": 0.39697460000000007, "total_loss": 40.247916654720456}
{"cls_accuracy": 0.25, "data_time": 8.764999999755219e-05, "eta_seconds": 4121.911099499977, "iteration": 399, "loss_cls_b1": 2.8881436586380005, "loss_cls_b2": 2.971199631690979, "loss_cls_b21": 3.004225730895996, "loss_cls_b22": 3.3427518606185913, "loss_cls_b3": 3.0295565128326416, "loss_cls_b31": 3.1269683837890625, "loss_cls_b32": 2.939805030822754, "loss_cls_b33": 3.396433115005493, "loss_triplet_b1": 0.0002338584527024068, "loss_triplet_b2": 0.0002539639244787395, "loss_triplet_b22": 5.32161584487767e-06, "loss_triplet_b3": 0.00036282939254306257, "loss_triplet_b33": 9.999999974752427e-07, "lr": 0.00035, "time": 0.4000860999999958, "total_loss": 24.587923745923717}
{"cls_accuracy": 0.5625, "data_time": 8.34000000082824e-05, "eta_seconds": 4066.36852450004, "iteration": 599, "loss_cls_b1": 1.9760882258415222, "loss_cls_b2": 2.152464270591736, "loss_cls_b21": 2.422653317451477, "loss_cls_b22": 2.3450024127960205, "loss_cls_b3": 2.181225299835205, "loss_cls_b31": 2.545678973197937, "loss_cls_b32": 2.3542160987854004, "loss_cls_b33": 2.6465775966644287, "loss_triplet_b1": 3.1753029361425433e-06, "loss_triplet_b2": 5.647918669637875e-06, "loss_triplet_b22": 4.395840136339757e-08, "loss_triplet_b3": 1.0491472494322807e-05, "loss_triplet_b33": 9.999999974752427e-07, "lr": 0.00034997150630389955, "time": 0.4016571999999883, "total_loss": 18.59703009995545}
{"cls_accuracy": 0.8125, "data_time": 9.865000001241242e-05, "eta_seconds": 4001.132573250055, "iteration": 799, "loss_cls_b1": 1.253689706325531, "loss_cls_b2": 1.4056987166404724, "loss_cls_b21": 1.877303659915924, "loss_cls_b22": 1.6925267577171326, "loss_cls_b3": 1.3743440508842468, "loss_cls_b31": 2.090520739555359, "loss_cls_b32": 1.620097815990448, "loss_cls_b33": 2.0631139278411865, "loss_triplet_b1": 1.3634542739282551e-07, "loss_triplet_b2": 2.041453583956354e-07, "loss_triplet_b22": 0.0, "loss_triplet_b3": 2.622597818913164e-07, "loss_triplet_b33": 9.999999974752427e-07, "lr": 0.0003494511818390747, "time": 0.41048580000000356, "total_loss": 13.44991559323439}
{"cls_accuracy": 0.875, "data_time": 0.00010055000001329972, "eta_seconds": 3932.603225099971, "iteration": 999, "loss_cls_b1": 0.8832792639732361, "loss_cls_b2": 0.8730393648147583, "loss_cls_b21": 1.3599475026130676, "loss_cls_b22": 1.1758708357810974, "loss_cls_b3": 0.9146326780319214, "loss_cls_b31": 1.5858525037765503, "loss_cls_b32": 1.1725391149520874, "loss_cls_b33": 1.6998928785324097, "loss_triplet_b1": 2.2351738238057806e-08, "loss_triplet_b2": 2.6822085885669367e-08, "loss_triplet_b22": 0.0, "loss_triplet_b3": 2.5331970299191653e-08, "loss_triplet_b33": 9.999999974752427e-07, "lr": 0.00034827826245771576, "time": 0.40882769999998914, "total_loss": 9.64599740660832}
{"Rank-1": 0.4228028357028961, "Rank-10": 0.7229809761047363, "Rank-5": 0.6339073777198792, "cls_accuracy": 0.9375, "data_time": 9.029999998233507e-05, "eta_seconds": 3892.563193099827, "iteration": 1199, "loss_cls_b1": 0.6265285015106201, "loss_cls_b2": 0.6011098325252533, "loss_cls_b21": 1.0527410507202148, "loss_cls_b22": 0.9183866679668427, "loss_cls_b3": 0.6326631307601929, "loss_cls_b31": 1.2983784675598145, "loss_cls_b32": 0.910843700170517, "loss_cls_b33": 1.407286822795868, "loss_triplet_b1": 1.3411044275102313e-08, "loss_triplet_b2": 1.3411043831013103e-08, "loss_triplet_b22": 0.0, "loss_triplet_b3": 1.639127411579011e-08, "loss_triplet_b33": 9.999999974752427e-07, "lr": 0.00034645714557474675, "mAP": 0.20848450507468183, "mINP": 0.030392875820939278, "time": 0.4073287000000221, "total_loss": 7.278124345159984}
{"cls_accuracy": 0.9375, "data_time": 9.134999999105275e-05, "eta_seconds": 3804.7976326502344, "iteration": 1399, "loss_cls_b1": 0.44104084372520447, "loss_cls_b2": 0.5065109729766846, "loss_cls_b21": 0.8058559000492096, "loss_cls_b22": 0.7150202691555023, "loss_cls_b3": 0.4714290350675583, "loss_cls_b31": 1.05894535779953, "loss_cls_b32": 0.6541549563407898, "loss_cls_b33": 0.9993144273757935, "loss_triplet_b1": 9.685753976640399e-09, "loss_triplet_b2": 5.960464122267695e-09, "loss_triplet_b22": 0.0, "loss_triplet_b3": 8.19563772402887e-09, "loss_triplet_b33": 9.999999974752427e-07, "lr": 0.0003439946587749844, "time": 0.3980476499999668, "total_loss": 5.505406761301481}
{"cls_accuracy": 0.96875, "data_time": 9.455000002844827e-05, "eta_seconds": 3718.7221650003175, "iteration": 1599, "loss_cls_b1": 0.42774340510368347, "loss_cls_b2": 0.3816587030887604, "loss_cls_b21": 0.6774870753288269, "loss_cls_b22": 0.6508522629737854, "loss_cls_b3": 0.40929797291755676, "loss_cls_b31": 0.8460985124111176, "loss_cls_b32": 0.647078812122345, "loss_cls_b33": 1.0053861141204834, "loss_triplet_b1": 5.215406106984233e-09, "loss_triplet_b2": 6.7055221375511564e-09, "loss_triplet_b22": 0.0, "loss_triplet_b3": 4.470348091700771e-09, "loss_triplet_b33": 0.0055247716334747565, "lr": 0.0003409000342157069, "time": 0.4020194000000288, "total_loss": 5.3851449952189885}
{"cls_accuracy": 1.0, "data_time": 9.300000004941467e-05, "eta_seconds": 3622.655422550245, "iteration": 1799, "loss_cls_b1": 0.3633463680744171, "loss_cls_b2": 0.38395117223262787, "loss_cls_b21": 0.6074886620044708, "loss_cls_b22": 0.5188886523246765, "loss_cls_b3": 0.3541470319032669, "loss_cls_b31": 0.7443409264087677, "loss_cls_b32": 0.5921319723129272, "loss_cls_b33": 0.7878130078315735, "loss_triplet_b1": 5.960463678178485e-09, "loss_triplet_b2": 5.960464122267695e-09, "loss_triplet_b22": 0.0, "loss_triplet_b3": 8.19563772402887e-09, "loss_triplet_b33": 9.999999974752427e-07, "lr": 0.0003371848740141932, "time": 0.40834204999998747, "total_loss": 4.566982036215933}
{"cls_accuracy": 1.0, "data_time": 8.750000006330083e-05, "eta_seconds": 3544.0267245500318, "iteration": 1999, "loss_cls_b1": 0.32203856110572815, "loss_cls_b2": 0.2476014867424965, "loss_cls_b21": 0.5077033638954163, "loss_cls_b22": 0.35798855125904083, "loss_cls_b3": 0.20923995971679688, "loss_cls_b31": 0.5647747218608856, "loss_cls_b32": 0.443463072180748, "loss_cls_b33": 0.5715672969818115, "loss_triplet_b1": 6.7055221375511564e-09, "loss_triplet_b2": 2.9802320611338473e-09, "loss_triplet_b22": 0.0, "loss_triplet_b3": 5.960464122267695e-09, "loss_triplet_b33": 9.999999974752427e-07, "lr": 0.00033286310674999825, "time": 0.40636510000001635, "total_loss": 3.071473348858682}
{"cls_accuracy": 1.0, "data_time": 9.25500000903412e-05, "eta_seconds": 3462.53811389994, "iteration": 2199, "loss_cls_b1": 0.3313322216272354, "loss_cls_b2": 0.274677038192749, "loss_cls_b21": 0.36356446146965027, "loss_cls_b22": 0.4269583970308304, "loss_cls_b3": 0.2553199976682663, "loss_cls_b31": 0.5384621918201447, "loss_cls_b32": 0.3716372549533844, "loss_cls_b33": 0.6497953534126282, "loss_triplet_b1": 7.450580152834618e-09, "loss_triplet_b2": 4.470348091700771e-09, "loss_triplet_b22": 0.0, "loss_triplet_b3": 4.470348091700771e-09, "loss_triplet_b33": 9.999999974752427e-07, "lr": 0.0003279509352450447, "time": 0.41010894999999437, "total_loss": 3.2106338388946893}
{"Rank-1": 0.4869358539581299, "Rank-10": 0.7767220735549927, "Rank-5": 0.6962589025497437, "cls_accuracy": 1.0, "data_time": 8.494999997310515e-05, "eta_seconds": 3406.5311511489517, "iteration": 2399, "loss_cls_b1": 0.3025202751159668, "loss_cls_b2": 0.22495674341917038, "loss_cls_b21": 0.4128425270318985,