{"cls_accuracy": 0.0, "data_time": 7.61000000011336e-05, "eta_seconds": 311.62185780000425, "iteration": 199, "loss_cls_b1": 4.977928161621094, "loss_cls_b2": 5.024714469909668, "loss_cls_b21": 4.95969033241272, "loss_cls_b22": 5.069799423217773, "loss_cls_b3": 5.018545150756836, "loss_cls_b31": 4.837308168411255, "loss_cls_b32": 4.788828134536743, "loss_cls_b33": 5.502652883529663, "loss_triplet_b1": 0.008544971700757742, "loss_triplet_b2": 0.004606230184435844, "loss_triplet_b22": 0.0001412254205206409, "loss_triplet_b3": 0.004701376426964998, "loss_triplet_b33": 9.999999974752427e-07, "lr": 0.00035, "time": 0.39093444999999605, "total_loss": 40.125383419388356}
{"cls_accuracy": 0.1875, "data_time": 7.63500000005024e-05, "eta_seconds": 264.41381084999995, "iteration": 399, "loss_cls_b1": 3.066515326499939, "loss_cls_b2": 3.2264692783355713, "loss_cls_b21": 3.308258891105652, "loss_cls_b22": 3.3761978149414062, "loss_cls_b3": 3.2112607955932617, "loss_cls_b31": 3.4062265157699585, "loss_cls_b32": 2.9857285022735596, "loss_cls_b33": 3.7041302919387817, "loss_triplet_b1": 0.000834512960864231, "loss_triplet_b2": 0.0009855994139797986, "loss_triplet_b22": 1.6396292267017998e-05, "loss_triplet_b3": 0.0010573404433671385, "loss_triplet_b33": 9.999999974752427e-07, "lr": 0.00035, "time": 0.39065990000000284, "total_loss": 26.31849879908316}
{"cls_accuracy": 0.4375, "data_time": 8.299999998939711e-05, "eta_seconds": 187.50522375000924, "iteration": 599, "loss_cls_b1": 2.343729853630066, "loss_cls_b2": 2.2702916860580444, "loss_cls_b21": 2.459769129753113, "loss_cls_b22": 2.587889075279236, "loss_cls_b3": 2.421612858772278, "loss_cls_b31": 2.59892475605011, "loss_cls_b32": 2.513295292854309, "loss_cls_b33": 2.935009002685547, "loss_triplet_b1": 1.0683782420528587e-05, "loss_triplet_b2": 1.803877421480138e-05, "loss_triplet_b22": 1.5273663933612625e-07, "loss_triplet_b3": 3.8766467696405016e-05, "loss_triplet_b33": 9.999999974752427e-07, "lr": 0.00033981409581820306, "time": 0.3911850000000072, "total_loss": 20.320727190334946}
{"Rank-1": 0.29602137207984924, "Rank-10": 0.58076012134552, "Rank-5": 0.48842042684555054, "cls_accuracy": 0.8125, "data_time": 8.695000002489905e-05, "eta_seconds": 109.652775399999, "iteration": 799, "loss_cls_b1": 1.347921371459961, "loss_cls_b2": 1.4714581966400146, "loss_cls_b21": 1.8948676586151123, "loss_cls_b22": 1.7225921750068665, "loss_cls_b3": 1.5200243592262268, "loss_cls_b31": 1.9391408562660217, "loss_cls_b32": 1.764229953289032, "loss_cls_b33": 2.2214523553848267, "loss_triplet_b1": 1.758334846613252e-07, "loss_triplet_b2": 2.2426208090564614e-07, "loss_triplet_b22": 0.0, "loss_triplet_b3": 5.148333457327681e-07, "loss_triplet_b33": 9.999999974752427e-07, "lr": 0.00018655193196109477, "mAP": 0.12864413127782667, "mINP": 0.016939074994004693, "time": 0.3910315499999797, "total_loss": 14.57380277674451}
{"cls_accuracy": 0.9375, "data_time": 7.739999995237667e-05, "eta_seconds": 31.563492750000208, "iteration": 999, "loss_cls_b1": 0.646088570356369, "loss_cls_b2": 0.780880868434906, "loss_cls_b21": 1.224155604839325, "loss_cls_b22": 1.041928231716156, "loss_cls_b3": 0.9286186695098877, "loss_cls_b31": 1.5344873666763306, "loss_cls_b32": 1.2942747473716736, "loss_cls_b33": 1.6103553175926208, "loss_triplet_b1": 1.9371507065102378e-08, "loss_triplet_b2": 6.183977063756174e-08, "loss_triplet_b22": 0.0, "loss_triplet_b3": 8.79167423306626e-08, "loss_triplet_b33": 9.999999974752427e-07, "lr": 1.980189577884816e-05, "time": 0.38954790000002504, "total_loss": 8.993256738102222}
{"Rank-1": 0.3574821949005127, "Rank-10": 0.6514251828193665, "Rank-5": 0.5611639022827148, "cls_accuracy": 0.9375, "data_time": 7.759999999734646e-05, "eta_seconds": 0.39003420000000233, "iteration": 1079, "loss_cls_b1": 0.6004355251789093, "loss_cls_b2": 0.712209016084671, "loss_cls_b21": 1.220715582370758, "loss_cls_b22": 1.0023006796836853, "loss_cls_b3": 0.8753724694252014, "loss_cls_b31": 1.586244821548462, "loss_cls_b32": 1.1611483097076416, "loss_cls_b33": 1.484184443950653, "loss_triplet_b1": 2.5331970299191653e-08, "loss_triplet_b2": 4.7683693438216324e-08, "loss_triplet_b22": 0.0, "loss_triplet_b3": 1.147388069000499e-07, "loss_triplet_b33": 9.999999974752427e-07, "lr": 7.729550344849904e-07, "mAP": 0.16794178328453185, "mINP": 0.021917595415256376, "time": 0.39029684999997016, "total_loss": 8.849153941097118}
