{"cls_accuracy": 0.0, "data_time": 7.950000000533919e-05, "eta_seconds": 313.33628380000135, "iteration": 199, "loss_cls_b1": 5.295535326004028, "loss_cls_b2": 5.101078510284424, "loss_cls_b21": 5.00111722946167, "loss_cls_b22": 5.423468112945557, "loss_cls_b3": 5.147200345993042, "loss_cls_b31": 4.937921524047852, "loss_cls_b32": 5.108778476715088, "loss_cls_b33": 5.590285062789917, "loss_triplet_b1": 0.005989553174003959, "loss_triplet_b2": 0.006982724880799651, "loss_triplet_b22": 5.54919915884966e-05, "loss_triplet_b3": 0.006447492400184274, "loss_triplet_b33": 9.999999974752427e-07, "lr": 0.00035, "time": 0.39045954999999566, "total_loss": 41.55523615397351}
{"cls_accuracy": 0.28125, "data_time": 7.990000001711905e-05, "eta_seconds": 264.6110965500022, "iteration": 399, "loss_cls_b1": 2.8705819845199585, "loss_cls_b2": 2.9947465658187866, "loss_cls_b21": 3.1311686038970947, "loss_cls_b22": 3.1384596824645996, "loss_cls_b3": 3.0995075702667236, "loss_cls_b31": 3.2474814653396606, "loss_cls_b32": 3.0012036561965942, "loss_cls_b33": 3.5187039375305176, "loss_triplet_b1": 0.00037532212445512414, "loss_triplet_b2": 0.000589756527915597, "loss_triplet_b22": 1.465914465370588e-05, "loss_triplet_b3": 0.000793782586697489, "loss_triplet_b33": 9.999999974752427e-07, "lr": 0.00035, "time": 0.3918584000000038, "total_loss": 24.927217013566235}
{"cls_accuracy": 0.625, "data_time": 8.195000000910113e-05, "eta_seconds": 187.96732044999914, "iteration": 599, "loss_cls_b1": 1.8297578692436218, "loss_cls_b2": 1.8273179531097412, "loss_cls_b21": 2.139589786529541, "loss_cls_b22": 2.136748790740967, "loss_cls_b3": 1.9077168107032776, "loss_cls_b31": 2.3041553497314453, "loss_cls_b32": 2.081786274909973, "loss_cls_b33": 2.529900312423706, "loss_triplet_b1": 9.670760050539684e-07, "loss_triplet_b2": 3.6118935895501636e-06, "loss_triplet_b22": 3.427265227173848e-08, "loss_triplet_b3": 2.297712171639432e-06, "loss_triplet_b33": 9.999999974752427e-07, "lr": 0.00033981409581820306, "time": 0.39279909999999063, "total_loss": 17.213228511447824}
{"cls_accuracy": 0.875, "data_time": 8.309999998346029e-05, "eta_seconds": 109.99841945000405, "iteration": 799, "loss_cls_b1": 1.0763545036315918, "loss_cls_b2": 1.1942116618156433, "loss_cls_b21": 1.777910828590393, "loss_cls_b22": 1.3756183981895447, "loss_cls_b3": 1.1941546201705933, "loss_cls_b31": 2.0288039445877075, "loss_cls_b32": 1.465278446674347, "loss_cls_b33": 1.8398401737213135, "loss_triplet_b1": 4.7683689885502645e-08, "loss_triplet_b2": 1.4379598667346727e-07, "loss_triplet_b22": 0.0, "loss_triplet_b3": 1.5348173576512636e-07, "loss_triplet_b33": 9.999999974752427e-07, "lr": 0.00018655193196109477, "time": 0.3922913000000108, "total_loss": 11.849748782198402}
{"cls_accuracy": 0.9375, "data_time": 8.124999999381544e-05, "eta_seconds": 31.738521600001008, "iteration": 999, "loss_cls_b1": 0.5467228293418884, "loss_cls_b2": 0.6184669137001038, "loss_cls_b21": 1.0906062126159668, "loss_cls_b22": 0.8922334611415863, "loss_cls_b3": 0.6437393426895142, "loss_cls_b31": 1.3219050765037537, "loss_cls_b32": 1.002545952796936, "loss_cls_b33": 1.526913583278656, "loss_triplet_b1": 8.940696183401542e-09, "loss_triplet_b2": 1.4901158973401607e-08, "loss_triplet_b22": 0.0, "loss_triplet_b3": 1.7136331464939758e-08, "loss_triplet_b33": 9.999999974752427e-07, "lr": 1.980189577884816e-05, "time": 0.39311514999999986, "total_loss": 7.508017574316725}
{"Rank-1": 0.39133015275001526, "Rank-10": 0.6852731704711914, "Rank-5": 0.5964964628219604, "cls_accuracy": 0.96875, "data_time": 8.205000000316431e-05, "eta_seconds": 0.3921246000000167, "iteration": 1079, "loss_cls_b1": 0.5304391086101532, "loss_cls_b2": 0.6447732448577881, "loss_cls_b21": 1.1192505359649658, "loss_cls_b22": 0.9031740725040436, "loss_cls_b3": 0.696934700012207, "loss_cls_b31": 1.4814732074737549, "loss_cls_b32": 1.0558948516845703, "loss_cls_b33": 1.5418266654014587, "loss_triplet_b1": 8.940695739312332e-09, "loss_triplet_b2": 1.5646216322551254e-08, "loss_triplet_b22": 0.0, "loss_triplet_b3": 2.5331966746477974e-08, "loss_triplet_b33": 9.999999974752427e-07, "lr": 7.729550344849904e-07, "mAP": 0.1898578802473517, "mINP": 0.027449128013460097, "time": 0.3924178500000153, "total_loss": 8.199412166300055}
